{
  "eye": {
    "orientation": [
      0.1318947672843933,
      -0.7864546775817871,
      -0.5580624341964722,
      -0.22947581112384796
    ],
    "magnitude": 1,
    "position": [
      341.8475341796875,
      343.89984130859375,
      190.68983459472656
    ]
  },
  "radius": 793.2212524414062,
  "type": "PERSPECTIVE"
}