{
  "eye": {
    "orientation": [
      0.597032904624939,
      -0.4976891875267029,
      -0.6122452020645142,
      -0.1449587494134903
    ],
    "magnitude": 1,
    "position": [
      633.5742797851562,
      -140.30743408203125,
      293.2222900390625
    ]
  },
  "radius": 793.2212524414062,
  "type": "PERSPECTIVE"
}