{
  "eye": {
    "orientation": [
      0.5999804735183716,
      -0.7913331985473633,
      -0.03294304013252258,
      -0.11282779276371002
    ],
    "magnitude": 1,
    "position": [
      -5.233318328857422,
      428.7727355957031,
      185.5469512939453
    ]
  },
  "radius": 793.2212524414062,
  "type": "PERSPECTIVE"
}