{
  "eye": {
    "orientation": [
      -0.30801600217819214,
      -0.041447192430496216,
      -0.5054588317871094,
      0.804934561252594
    ],
    "magnitude": 1,
    "position": [
      794.3571166992188,
      392.15673828125,
      373.4127197265625
    ]
  },
  "radius": 793.2212524414062,
  "type": "PERSPECTIVE"
}