{
  "eye": {
    "orientation": [
      0.03256230428814888,
      0.09082769602537155,
      -0.39186757802963257,
      0.9149479866027832
    ],
    "magnitude": 1,
    "position": [
      1014.9608764648438,
      596.698486328125,
      167.90093994140625
    ]
  },
  "radius": 793.2212524414062,
  "type": "PERSPECTIVE"
}