{
  "eye": {
    "orientation": [
      -0.14117848873138428,
      -0.7847987413406372,
      -0.43070507049560547,
      -0.4226734936237335
    ],
    "magnitude": 1,
    "position": [
      742.3663330078125,
      409.4984130859375,
      119.3307113647461
    ]
  },
  "radius": 793.2212524414062,
  "type": "PERSPECTIVE"
}