{
  "eye": {
    "orientation": [
      -0.46479061245918274,
      0.646386444568634,
      0.5316991806030273,
      -0.28887784481048584
    ],
    "magnitude": 1,
    "position": [
      22.008544921875,
      658.332763671875,
      109.3189697265625
    ]
  },
  "radius": 793.2212524414062,
  "type": "PERSPECTIVE"
}