{
  "eye": {
    "orientation": [
      0.14257431030273438,
      -0.7297888994216919,
      -0.08474031835794449,
      -0.6632494926452637
    ],
    "magnitude": 1,
    "position": [
      399.3633117675781,
      137.08889770507812,
      315.7359619140625
    ]
  },
  "radius": 793.2212524414062,
  "type": "PERSPECTIVE"
}