{
  "eye": {
    "orientation": [
      -0.0531185045838356,
      0.24990957975387573,
      0.14442458748817444,
      0.9559629559516907
    ],
    "magnitude": 1,
    "position": [
      1158.786376953125,
      554.9042358398438,
      1275.332275390625
    ]
  },
  "radius": 793.2212524414062,
  "type": "PERSPECTIVE"
}