{
  "eye": {
    "orientation": [
      -0.1688084602355957,
      -0.19695259630680084,
      -0.021267853677272797,
      0.9655366539955139
    ],
    "magnitude": 1,
    "position": [
      1177.166259765625,
      478.9876708984375,
      273.2098388671875
    ]
  },
  "radius": 793.2212524414062,
  "type": "PERSPECTIVE"
}