{
  "eye": {
    "orientation": [
      -0.14079409837722778,
      -0.7675524353981018,
      -0.15442802011966705,
      0.605963945388794
    ],
    "magnitude": 1,
    "position": [
      160.5459442138672,
      342.6775207519531,
      540.3636474609375
    ]
  },
  "radius": 793.2212524414062,
  "type": "PERSPECTIVE"
}