{
  "eye": {
    "orientation": [
      0.38602855801582336,
      0.6920475363731384,
      0.11482956260442734,
      0.5990546345710754
    ],
    "magnitude": 1,
    "position": [
      975.827880859375,
      210.15383911132812,
      419.6404113769531
    ]
  },
  "radius": 793.2212524414062,
  "type": "PERSPECTIVE"
}