{
  "eye": {
    "orientation": [
      0.19293175637722015,
      -0.5668322443962097,
      -0.0929766595363617,
      0.795508623123169
    ],
    "magnitude": 0.5773502588272095,
    "position": [
      162.43832397460938,
      257.7291564941406,
      444.130615234375
    ]
  },
  "radius": 793.2212524414062,
  "type": "PERSPECTIVE"
}