{
  "eye": {
    "orientation": [
      0.17262935638427734,
      -0.8936856985092163,
      -0.1734277904033661,
      0.3760955035686493
    ],
    "magnitude": 1,
    "position": [
      432.28680419921875,
      200.365478515625,
      401.06561279296875
    ]
  },
  "radius": 793.2212524414062,
  "type": "PERSPECTIVE"
}